{
    "$schema": "https://schema.management.azure.com/schemas/2019-04-01/deploymentTemplate.json#",
    "contentVersion": "1.0.0.0",
    "parameters": {
        "firewallPolicies_avdpolicy_name": {
            "defaultValue": "avdpolicy",
            "type": "String"
        }
    },
    "variables": {},
    "resources": [
        {
            "type": "Microsoft.Network/firewallPolicies",
            "apiVersion": "2024-07-01",
            "name": "[parameters('firewallPolicies_avdpolicy_name')]",
            "location": "japaneast",
            "properties": {
                "sku": {
                    "tier": "Basic"
                },
                "threatIntelMode": "Alert"
            }
        },
        {
            "type": "Microsoft.Network/firewallPolicies/ruleCollectionGroups",
            "apiVersion": "2024-07-01",
            "name": "[concat(parameters('firewallPolicies_avdpolicy_name'), '/DefaultApplicationRuleCollectionGroup')]",
            "location": "japaneast",
            "dependsOn": [
                "[resourceId('Microsoft.Network/firewallPolicies', parameters('firewallPolicies_avdpolicy_name'))]"
            ],
            "properties": {
                "priority": 300,
                "ruleCollections": [
                    {
                        "ruleCollectionType": "FirewallPolicyFilterRuleCollection",
                        "action": {
                            "type": "Allow"
                        },
                        "rules": [
                            {
                                "ruleType": "ApplicationRule",
                                "name": "AVD-Allow",
                                "protocols": [
                                    {
                                        "protocolType": "Https",
                                        "port": 443
                                    }
                                ],
                                "fqdnTags": [
                                    "WindowsVirtualDesktop"
                                ],
                                "webCategories": [],
                                "targetFqdns": [],
                                "targetUrls": [],
                                "terminateTLS": false,
                                "sourceAddresses": [
                                    "192.168.0.32/27"
                                ],
                                "destinationAddresses": [],
                                "sourceIpGroups": [],
                                "httpHeadersToInsert": []
                            },
                            {
                                "ruleType": "ApplicationRule",
                                "name": "office365-Allow",
                                "protocols": [
                                    {
                                        "protocolType": "Https",
                                        "port": 443
                                    }
                                ],
                                "fqdnTags": [
                                    "Office365.Exchange.Optimize",
                                    "Office365.Exchange.Default.Required",
                                    "Office365.Exchange.Allow.Required",
                                    "Office365.SharePoint.Optimize",
                                    "Office365.SharePoint.Default.NotRequired",
                                    "Office365.Common.Allow.Required",
                                    "Office365.SharePoint.Default.Required",
                                    "Office365.Common.Default.Required",
                                    "Office365.Common.Default.NotRequired"
                                ],
                                "webCategories": [],
                                "targetFqdns": [],
                                "targetUrls": [],
                                "terminateTLS": false,
                                "sourceAddresses": [
                                    "192.168.0.32/27"
                                ],
                                "destinationAddresses": [],
                                "sourceIpGroups": [],
                                "httpHeadersToInsert": []
                            },
                            {
                                "ruleType": "ApplicationRule",
                                "name": "windwosupdate",
                                "protocols": [
                                    {
                                        "protocolType": "Https",
                                        "port": 443
                                    }
                                ],
                                "fqdnTags": [
                                    "WindowsUpdate"
                                ],
                                "webCategories": [],
                                "targetFqdns": [],
                                "targetUrls": [],
                                "terminateTLS": false,
                                "sourceAddresses": [
                                    "192.168.0.32/27"
                                ],
                                "destinationAddresses": [],
                                "sourceIpGroups": [],
                                "httpHeadersToInsert": []
                            }
                        ],
                        "name": "AVD-Allow",
                        "priority": 100
                    }
                ]
            }
        },
        {
            "type": "Microsoft.Network/firewallPolicies/ruleCollectionGroups",
            "apiVersion": "2024-07-01",
            "name": "[concat(parameters('firewallPolicies_avdpolicy_name'), '/DefaultNetworkRuleCollectionGroup')]",
            "location": "japaneast",
            "dependsOn": [
                "[resourceId('Microsoft.Network/firewallPolicies', parameters('firewallPolicies_avdpolicy_name'))]"
            ],
            "properties": {
                "priority": 200,
                "ruleCollections": [
                    {
                        "ruleCollectionType": "FirewallPolicyFilterRuleCollection",
                        "action": {
                            "type": "Allow"
                        },
                        "rules": [
                            {
                                "ruleType": "NetworkRule",
                                "name": "kms",
                                "ipProtocols": [
                                    "TCP"
                                ],
                                "sourceAddresses": [
                                    "192.168.0.32/27"
                                ],
                                "sourceIpGroups": [],
                                "destinationAddresses": [
                                    "20.118.99.224",
                                    "40.83.235.53"
                                ],
                                "destinationIpGroups": [],
                                "destinationFqdns": [],
                                "destinationPorts": [
                                    "1688"
                                ]
                            },
                            {
                                "ruleType": "NetworkRule",
                                "name": "profile",
                                "ipProtocols": [
                                    "Any"
                                ],
                                "sourceAddresses": [
                                    "192.168.0.32/27"
                                ],
                                "sourceIpGroups": [],
                                "destinationAddresses": [
                                    "Storage",
                                    "Storage.JapanEast"
                                ],
                                "destinationIpGroups": [],
                                "destinationFqdns": [],
                                "destinationPorts": [
                                    "*"
                                ]
                            }
                        ],
                        "name": "kms-allow",
                        "priority": 100
                    }
                ]
            }
        }
    ]
}